{
    "manhole cover": {
        "64": [
            0.9929929971694946,
            0.9995495676994324
        ],
        "32": [
            0.6739739775657654,
            0.8810811042785645
        ]
    },
    "necklace": {
        "64": [
            0.9960460662841797,
            0.9996496438980103
        ],
        "32": [
            0.9517017006874084,
            0.9893893599510193
        ]
    },
    "pineapple": {
        "64": [
            0.9979979991912842,
            0.9998999238014221
        ],
        "32": [
            0.9790790677070618,
            0.9956456422805786
        ]
    }
}